{"format": "layers-model", "generatedBy": "keras v2.2.4-tf", "convertedBy": "TensorFlow.js Converter v2.0.1", "modelTopology": {"keras_version": "2.2.4-tf", "backend": "tensorflow", "model_config": {"class_name": "Sequential", "config": {"name": "sequential_3", "layers": [{"class_name": "Conv2D", "config": {"name": "conv2d_6", "trainable": true, "batch_input_shape": [null, 28, 28, 1], "dtype": "float32", "filters": 64, "kernel_size": [3, 3], "strides": [1, 1], "padding": "valid", "data_format": "channels_last", "dilation_rate": [1, 1], "activation": "relu", "use_bias": true, "kernel_initializer": {"class_name": "GlorotUniform", "config": {"seed": null}}, "bias_initializer": {"class_name": "Zeros", "config": {}}, "kernel_regularizer": null, "bias_regularizer": null, "activity_regularizer": null, "kernel_constraint": null, "bias_constraint": null}}, {"class_name": "MaxPooling2D", "config": {"name": "max_pooling2d_6", "trainable": true, "dtype": "float32", "pool_size": [2, 2], "padding": "valid", "strides": [2, 2], "data_format": "channels_last"}}, {"class_name": "Conv2D", "config": {"name": "conv2d_7", "trainable": true, "batch_input_shape": [null, 28, 28, 1], "dtype": "float32", "filters": 128, "kernel_size": [3, 3], "strides": [1, 1], "padding": "valid", "data_format": "channels_last", "dilation_rate": [1, 1], "activation": "relu", "use_bias": true, "kernel_initializer": {"class_name": "GlorotUniform", "config": {"seed": null}}, "bias_initializer": {"class_name": "Zeros", "config": {}}, "kernel_regularizer": null, "bias_regularizer": null, "activity_regularizer": null, "kernel_constraint": null, "bias_constraint": null}}, {"class_name": "MaxPooling2D", "config": {"name": "max_pooling2d_7", "trainable": true, "dtype": "float32", "pool_size": [2, 2], "padding": "valid", "strides": [2, 2], "data_format": "channels_last"}}, {"class_name": "Flatten", "config": {"name": "flatten_3", "trainable": true, "dtype": "float32", "data_format": "channels_last"}}, {"class_name": "Dense", "config": {"name": "dense_6", "trainable": true, "dtype": "float32", "units": 512, "activation": "relu", "use_bias": true, "kernel_initializer": {"class_name": "GlorotUniform", "config": {"seed": null}}, "bias_initializer": {"class_name": "Zeros", "config": {}}, "kernel_regularizer": null, "bias_regularizer": null, "activity_regularizer": null, "kernel_constraint": null, "bias_constraint": null}}, {"class_name": "Dense", "config": {"name": "dense_7", "trainable": true, "dtype": "float32", "units": 15, "activation": "softmax", "use_bias": true, "kernel_initializer": {"class_name": "GlorotUniform", "config": {"seed": null}}, "bias_initializer": {"class_name": "Zeros", "config": {}}, "kernel_regularizer": null, "bias_regularizer": null, "activity_regularizer": null, "kernel_constraint": null, "bias_constraint": null}}]}}, "training_config": {"loss": "sparse_categorical_crossentropy", "metrics": ["accuracy"], "weighted_metrics": null, "sample_weight_mode": null, "loss_weights": null, "optimizer_config": {"class_name": "Adam", "config": {"name": "Adam", "learning_rate": 0.0010000000474974513, "decay": 0.0, "beta_1": 0.8999999761581421, "beta_2": 0.9990000128746033, "epsilon": 1e-07, "amsgrad": false}}}}, "weightsManifest": [{"paths": ["group1-shard1of2.bin", "group1-shard2of2.bin"], "weights": [{"name": "conv2d_6/kernel", "shape": [3, 3, 1, 64], "dtype": "float32"}, {"name": "conv2d_6/bias", "shape": [64], "dtype": "float32"}, {"name": "conv2d_7/kernel", "shape": [3, 3, 64, 128], "dtype": "float32"}, {"name": "conv2d_7/bias", "shape": [128], "dtype": "float32"}, {"name": "dense_6/kernel", "shape": [3200, 512], "dtype": "float32"}, {"name": "dense_6/bias", "shape": [512], "dtype": "float32"}, {"name": "dense_7/kernel", "shape": [512, 15], "dtype": "float32"}, {"name": "dense_7/bias", "shape": [15], "dtype": "float32"}]}]}